<?xml version="1.0"?>
<sharpUpdate>
    <update appID="BS135-FileChecksum">
        <version>1.0.1.0</version>
        <url>https://github.com/bs135/FileChecksum/raw/master/ReleaseDownload/v1.0.3/FileChecksum.exe</url>
        <fileName>FileChecksum.exe</fileName>
        <md5>3bac4f41b4445dd5af420de53a49e11e</md5>
        <description>
          Update:

          Version 1.0.3.0 - 2016/05/18
          - Fixbug

          Version 1.0.2.0 - 2016/05/17
          - Show message when install or uninstall

          Version 1.0.1.0 - 2016/05/17
          - Add to context menu

          Version 1.0.0.0 - 2016/05/17
          - First release
        </description>
        <launchArgs></launchArgs>
    </update>
</sharpUpdate>
